BootcampName,Count,Recommenders,% Recommend
Dev Academy,13,13,100.00%
Makers Academy,12,12,100.00%
Viking Code School,10,10,100.00%
CodeaCamp,8,8,100.00%
Fullstack Academy,6,6,100.00%
Academia de CÃ³digo,4,4,100.00%
devCodeCamp,4,4,100.00%
Dev League,3,3,100.00%
Grace Hopper Academy,3,3,100.00%
Grand Circus,3,3,100.00%
LEARN Academy,3,3,100.00%
AcadGild,2,2,100.00%
Big Nerd Ranch,2,2,100.00%
BoiseCodeWorks,2,2,100.00%
CODEcamp Charleston,2,2,100.00%
Code Platoon,2,2,100.00%
Codecademy Labs,2,2,100.00%
Coder Factory,2,2,100.00%
DigitalCrafts,2,2,100.00%
EHD Academy,2,2,100.00%
Eleven Fifty Academy,2,2,100.00%
Omaha Code School,2,2,100.00%
Telegraph Academy,2,2,100.00%
We Got Coders,2,2,100.00%
AngelHack Education,1,1,100.00%
Austin Coding Academy,1,1,100.00%
Base10 Academy,1,1,100.00%
Betamore,1,1,100.00%
Byte Academy,1,1,100.00%
Claim Academy,1,1,100.00%
Code 42,1,1,100.00%
Code Institute,1,1,100.00%
Code Union,1,1,100.00%
CodeCraft School,1,1,100.00%
CodeMasters Academy,1,1,100.00%
Coder Foundry,1,1,100.00%
Coder's Lab,1,1,100.00%
DESIGNATION,1,1,100.00%
Founders & Coders,1,1,100.00%
Ladies Learning Code,1,1,100.00%
Launch School (formerly Tealeaf Academy),1,1,100.00%
Le Wagon,1,1,100.00%
Microsoft Research Data Science Summer School,1,1,100.00%
Operation Spark,1,1,100.00%
Origin Code Academy,1,1,100.00%
Ruby On The Beach,1,1,100.00%
Science to Data Science,1,1,100.00%
SeedPaths,1,1,100.00%
Stackademy,1,1,100.00%
The Data Incubator,1,1,100.00%
codeU,1,1,100.00%
Turing,27,26,96.30%
"Free Code Camp is not a bootcamp - please scroll up and change answer to ""no""",15,14,93.33%
Hack Reactor,29,27,93.10%
Flatiron School,54,50,92.59%
App Academy,22,20,90.91%
MakerSquare,20,18,90.00%
Ada,9,8,88.89%
Hackbright Academy,22,19,86.36%
Dev Bootcamp,48,41,85.42%
Prime Digital Academy,30,25,83.33%
Thinkful,6,5,83.33%
The Firehose Project,16,13,81.25%
DevMountain,10,8,80.00%
Launch Academy,10,8,80.00%
Software Guild,10,8,80.00%
CareerFoundry,5,4,80.00%
Nashville Software School,5,4,80.00%
Epicodus,14,11,78.57%
General Assembly,90,70,77.78%
The Iron Yard,40,31,77.50%
LAMP Camp,4,3,75.00%
Lighthouse Labs,4,3,75.00%
Rutgers Coding Bootcamp,4,3,75.00%
Sabio.la,4,3,75.00%
Skillcrush,4,3,75.00%
Code Fellows,21,15,71.43%
Anyone Can Learn To Code,7,5,71.43%
CodeNinja,7,5,71.43%
IronHack,7,5,71.43%
New York Code + Design Academy,20,14,70.00%
Tech Talent South,12,8,66.67%
BrainStation,3,2,66.67%
Learn.Modern-Developer,3,2,66.67%
Orange County Code School,3,2,66.67%
Tech Academy Portland,3,2,66.67%
Coding Dojo,18,11,61.11%
Codeup,10,6,60.00%
10x.org.il,5,3,60.00%
Bitmaker Labs,5,3,60.00%
CodeCore Bootcamp,5,3,60.00%
Startup Institute,7,4,57.14%
Galvanize,20,11,55.00%
Coder Camps,11,6,54.55%
Bloc.io,21,11,52.38%
4Geeks Academy,8,4,50.00%
Wyncode,6,3,50.00%
Bit Bootcamp,4,2,50.00%
Camp Code Away,4,2,50.00%
Codesmith,4,2,50.00%
Devschool,4,2,50.00%
RefactorU,4,2,50.00%
Digital House,2,1,50.00%
Fire Bootcamp,2,1,50.00%
HackerYou,2,1,50.00%
LearningFuze,2,1,50.00%
Metis,2,1,50.00%
Mobile Makers Academy,2,1,50.00%
PDX Code Guild,2,1,50.00%
Coding House,3,1,33.33%
Starter League,3,1,33.33%
V School,3,1,33.33%
We Can Code IT,3,1,33.33%
Zip Code Wilmington,3,1,33.33%
tradecraft,3,1,33.33%
Codify Academy,4,1,25.00%
DaVinci Coders,2,0,0.00%
Academic Work Academy,1,0,0.00%
Academy X,1,0,0.00%
Alphappl,1,0,0.00%
Astro Code School,1,0,0.00%
Atlanta Code,1,0,0.00%
Code For Progress,1,0,0.00%
Data Science Dojo,1,0,0.00%
Interface Web School,1,0,0.00%
Montana Code School,1,0,0.00%
TalentBuddy,1,0,0.00%
World Tech Makers,1,0,0.00%
